InstructorID,FirstName,LastName,Email,Department
1,Mike,Walker,jane979@university.edu,Physics
2,Jane,Lee,mike878@university.edu,Physics
3,Mike,Taylor,mike862@college.edu,Biology
4,John,Young,mike614@university.edu,Biology
5,John,Hall,john415@college.edu,Math
6,Tom,Young,jane698@college.edu,CS
7,John,Walker,john324@college.edu,Math
8,Mike,Hall,john212@university.edu,Physics
9,Sara,Hall,john332@university.edu,Biology
10,Sara,Taylor,john890@college.edu,Math
11,Tom,Walker,john182@university.edu,Math
12,Anna,Lee,jane274@university.edu,Biology
13,Mike,Taylor,mike146@college.edu,Biology
14,Mike,Taylor,john355@university.edu,Biology
15,John,Young,john129@university.edu,Physics
16,Mike,Young,jane336@college.edu,Biology
17,Jane,Young,jane467@university.edu,CS
18,Anna,Taylor,mike124@college.edu,Math
19,John,Lee,jane817@college.edu,Biology
20,Jane,Hall,mike593@college.edu,Biology
21,Tom,Young,john705@university.edu,Physics
22,Sara,Lee,john738@university.edu,Physics
23,Tom,Walker,mike124@college.edu,Math
24,Sara,Young,jane454@college.edu,CS
25,Tom,Hall,mike147@college.edu,Math
26,Mike,Walker,jane877@university.edu,Biology
27,Jane,Walker,john558@university.edu,CS
28,Sara,Hall,jane696@university.edu,CS
29,John,Young,mike313@university.edu,CS
30,Jane,Taylor,mike602@university.edu,CS
31,John,Hall,john547@college.edu,Math
32,Jane,Hall,jane675@college.edu,Physics
33,Jane,Hall,jane943@university.edu,Physics
34,Tom,Walker,jane909@college.edu,Biology
35,Sara,Lee,john153@university.edu,Physics
36,Sara,Taylor,jane430@college.edu,Physics
37,Jane,Young,mike340@university.edu,Physics
38,Mike,Young,jane629@university.edu,Physics
39,Mike,Lee,john286@college.edu,Biology
40,John,Hall,jane755@college.edu,Math
41,John,Taylor,jane463@university.edu,CS
42,Tom,Young,mike530@university.edu,Physics
43,Jane,Young,jane403@college.edu,Math
44,John,Hall,mike175@college.edu,Physics
45,John,Lee,mike432@college.edu,Physics
46,Anna,Taylor,john857@college.edu,CS
47,Jane,Lee,mike573@university.edu,CS
48,Tom,Lee,mike382@university.edu,CS
49,John,Taylor,john171@university.edu,Physics
50,Tom,Taylor,mike802@university.edu,Physics
51,Sara,Young,john986@college.edu,Physics
52,Tom,Young,jane674@college.edu,CS
53,Mike,Taylor,john991@college.edu,Biology
54,Mike,Walker,mike240@college.edu,Math
55,Tom,Young,john654@university.edu,Biology
56,Mike,Walker,mike162@university.edu,Physics
57,Sara,Taylor,jane564@college.edu,Physics
58,Jane,Young,john903@university.edu,Biology
59,Mike,Lee,jane619@university.edu,Physics
60,Mike,Taylor,mike189@college.edu,Math
61,Tom,Hall,mike903@college.edu,Physics
62,Sara,Walker,jane729@university.edu,Math
63,Jane,Taylor,john274@college.edu,Biology
64,Tom,Taylor,john712@college.edu,Biology
65,Tom,Young,mike762@college.edu,Physics
66,Anna,Young,jane881@college.edu,Math
67,Sara,Young,jane170@university.edu,Physics
68,Jane,Hall,john279@college.edu,CS
69,Sara,Young,john480@university.edu,CS
70,Jane,Taylor,john896@university.edu,CS
71,Sara,Young,jane327@university.edu,CS
72,Tom,Lee,john535@university.edu,Physics
73,Tom,Young,john560@college.edu,CS
74,John,Hall,mike120@college.edu,Math
75,Mike,Lee,john264@university.edu,Biology
76,Anna,Taylor,john410@college.edu,Biology
77,Sara,Taylor,jane384@college.edu,CS
78,Anna,Walker,jane380@college.edu,CS
79,John,Lee,mike930@college.edu,CS
80,Mike,Walker,john997@college.edu,Physics
81,Sara,Lee,mike323@college.edu,Biology
82,Jane,Lee,jane245@university.edu,CS
83,Mike,Hall,mike967@college.edu,Math
84,Tom,Walker,jane144@university.edu,CS
85,John,Hall,mike570@college.edu,Biology
86,Mike,Lee,mike752@university.edu,CS
87,Mike,Taylor,john929@college.edu,Biology
88,Tom,Lee,mike320@college.edu,CS
89,Sara,Hall,john633@college.edu,Math
90,Jane,Walker,john466@college.edu,CS
91,Tom,Walker,john940@university.edu,Math
92,Jane,Hall,john649@college.edu,Math
93,Sara,Walker,mike215@university.edu,CS
94,Mike,Young,jane434@university.edu,Math
95,Jane,Taylor,jane247@university.edu,Physics
96,John,Taylor,jane387@college.edu,CS
97,John,Taylor,mike149@college.edu,CS
98,Tom,Walker,john616@college.edu,Math
99,Sara,Walker,jane954@college.edu,Math
100,Tom,Lee,mike686@university.edu,CS
101,Tom,Lee,john377@college.edu,Physics
102,Anna,Taylor,jane935@university.edu,Math
103,Tom,Young,john399@college.edu,Math
104,Anna,Lee,jane688@college.edu,Biology
105,John,Lee,jane748@college.edu,Physics
106,John,Walker,jane706@university.edu,Physics
107,Tom,Young,john679@university.edu,CS
108,John,Taylor,mike589@college.edu,Physics
109,Sara,Lee,john258@college.edu,CS
110,Anna,Young,jane262@university.edu,Biology
111,Anna,Young,john952@university.edu,Physics
112,Tom,Taylor,mike514@university.edu,Math
113,John,Young,john706@university.edu,Biology
114,Jane,Young,mike387@college.edu,CS
115,Anna,Young,mike286@college.edu,Biology
116,Tom,Lee,john237@college.edu,CS
117,Tom,Taylor,jane293@college.edu,Biology
118,Sara,Young,mike884@college.edu,CS
119,Mike,Young,john243@college.edu,Physics
120,Mike,Lee,mike401@university.edu,Math
121,Anna,Taylor,jane344@university.edu,CS
122,Sara,Walker,john206@college.edu,Biology
123,Sara,Lee,john228@university.edu,CS
124,Sara,Taylor,john986@university.edu,CS
125,Anna,Young,jane103@university.edu,CS
126,Mike,Taylor,mike509@university.edu,Biology
127,Sara,Taylor,john405@college.edu,Math
128,John,Taylor,mike706@university.edu,Physics
129,Tom,Walker,mike324@university.edu,Math
130,Tom,Taylor,jane447@college.edu,CS
131,Jane,Walker,john420@university.edu,Biology
132,Jane,Young,mike280@college.edu,Math
133,Anna,Walker,john810@college.edu,CS
134,Anna,Young,john717@college.edu,Physics
135,Tom,Young,jane871@college.edu,Physics
136,John,Walker,john630@college.edu,Physics
137,Mike,Lee,john395@college.edu,CS
138,Mike,Hall,mike270@university.edu,Biology
139,Anna,Taylor,jane592@university.edu,Math
140,John,Hall,john111@university.edu,Physics
141,Anna,Taylor,mike589@university.edu,CS
142,Mike,Taylor,jane980@college.edu,CS
143,Anna,Young,jane916@college.edu,Math
144,Sara,Taylor,mike997@college.edu,Physics
145,Anna,Taylor,mike793@college.edu,CS
146,Tom,Walker,mike695@college.edu,Math
147,Anna,Hall,mike895@university.edu,Biology
148,Tom,Walker,mike195@university.edu,Biology
149,John,Taylor,john877@college.edu,Biology
150,Mike,Young,john397@college.edu,Physics
151,Jane,Walker,jane836@university.edu,Math
152,Jane,Walker,john460@college.edu,Math
153,Mike,Lee,john653@university.edu,CS
154,Jane,Taylor,john520@college.edu,CS
155,Anna,Young,mike819@university.edu,CS
156,John,Walker,jane633@university.edu,Math
157,John,Walker,jane567@college.edu,CS
158,Mike,Young,jane462@university.edu,Math
159,Jane,Taylor,jane652@college.edu,Math
160,Anna,Lee,john261@college.edu,Biology
161,John,Walker,john573@university.edu,CS
162,John,Lee,mike421@college.edu,Biology
163,Sara,Hall,jane523@university.edu,Physics
164,Sara,Taylor,john687@college.edu,Physics
165,John,Hall,john300@college.edu,Physics
166,Mike,Hall,mike963@university.edu,Math
167,Tom,Hall,mike837@college.edu,Math
168,Tom,Taylor,mike887@university.edu,Math
169,Anna,Taylor,john159@college.edu,CS
170,John,Young,john420@university.edu,Biology
171,John,Lee,mike735@college.edu,Math
172,John,Lee,jane507@college.edu,Biology
173,Mike,Young,mike485@university.edu,Biology
174,Sara,Young,mike668@college.edu,Biology
175,John,Hall,mike293@university.edu,CS
176,John,Young,mike626@college.edu,CS
177,Jane,Walker,john712@college.edu,Physics
178,Mike,Lee,jane439@university.edu,Physics
179,Anna,Young,mike970@college.edu,Biology
180,John,Walker,jane721@college.edu,Physics
181,Jane,Walker,jane968@college.edu,Biology
182,Tom,Walker,jane827@college.edu,CS
183,Anna,Walker,mike773@college.edu,CS
184,John,Hall,john413@college.edu,CS
185,John,Walker,mike249@college.edu,Math
186,Jane,Hall,jane553@college.edu,Biology
187,Mike,Hall,jane784@college.edu,CS
188,John,Walker,john121@college.edu,Biology
189,Tom,Lee,mike738@college.edu,Physics
190,John,Walker,jane455@college.edu,Physics
191,Tom,Walker,john828@college.edu,CS
192,Anna,Walker,jane263@college.edu,Biology
193,Anna,Lee,john629@college.edu,CS
194,Sara,Taylor,john294@university.edu,Physics
195,Sara,Taylor,mike579@university.edu,CS
196,Tom,Hall,jane222@college.edu,Biology
197,Mike,Hall,mike798@university.edu,Physics
198,John,Lee,jane551@university.edu,Math
199,John,Young,mike203@university.edu,Physics
200,Sara,Taylor,jane561@university.edu,Math
201,Tom,Hall,mike817@college.edu,CS
202,John,Taylor,john495@college.edu,CS
203,John,Lee,jane436@university.edu,Biology
204,Mike,Lee,jane698@college.edu,Math
205,Jane,Young,john416@university.edu,CS
206,Sara,Young,mike657@college.edu,Math
207,Sara,Lee,jane626@college.edu,CS
208,Jane,Hall,jane500@university.edu,Physics
209,John,Taylor,mike409@university.edu,CS
210,Mike,Walker,john655@college.edu,Biology
211,Mike,Young,mike872@university.edu,Physics
212,Sara,Walker,mike894@college.edu,Biology
213,Mike,Hall,mike954@college.edu,Physics
214,Anna,Young,jane867@university.edu,Math
215,Jane,Walker,john305@university.edu,Biology
216,John,Hall,john142@university.edu,CS
217,Anna,Taylor,mike344@university.edu,Math
218,Jane,Hall,jane454@university.edu,CS
219,Tom,Young,mike575@university.edu,Physics
220,Sara,Lee,jane209@college.edu,Physics
221,Mike,Taylor,jane289@university.edu,CS
222,Tom,Walker,jane899@college.edu,CS
223,Mike,Young,jane350@college.edu,Math
224,Anna,Lee,john390@university.edu,CS
225,John,Hall,jane300@university.edu,Biology
226,John,Lee,jane425@university.edu,Biology
227,John,Young,mike508@university.edu,CS
228,Mike,Young,mike889@college.edu,Biology
229,Tom,Lee,john936@college.edu,CS
230,John,Hall,mike830@university.edu,Math
231,Tom,Lee,jane171@university.edu,Biology
232,Mike,Young,mike740@college.edu,Biology
233,Anna,Young,john954@college.edu,CS
234,Tom,Walker,mike686@university.edu,Biology
235,Anna,Walker,mike665@college.edu,Physics
236,Mike,Taylor,john153@college.edu,Math
237,Mike,Young,john627@university.edu,Math
238,Sara,Walker,jane631@college.edu,Biology
239,Mike,Lee,mike292@university.edu,Biology
240,Mike,Hall,jane157@university.edu,Physics
241,Jane,Lee,mike210@university.edu,Physics
242,John,Hall,mike948@college.edu,Biology
243,Sara,Walker,jane951@college.edu,Biology
244,Sara,Taylor,mike107@university.edu,Physics
245,Sara,Lee,mike211@university.edu,CS
246,Jane,Lee,mike772@university.edu,Physics
247,Anna,Lee,john287@university.edu,CS
248,Mike,Hall,jane808@university.edu,Math
249,John,Walker,john463@college.edu,Math
250,Tom,Lee,jane311@university.edu,Physics
251,Anna,Lee,jane375@university.edu,CS
252,Mike,Taylor,mike778@college.edu,Physics
253,Jane,Taylor,jane342@college.edu,Physics
254,Mike,Walker,john886@college.edu,CS
255,Mike,Walker,john784@university.edu,Physics
256,Jane,Young,john752@university.edu,Math
257,Sara,Taylor,jane287@university.edu,Biology
258,Sara,Young,john185@college.edu,Biology
259,John,Hall,jane151@university.edu,Physics
260,John,Young,john976@college.edu,CS
261,Sara,Lee,john142@university.edu,CS
262,Anna,Young,jane299@college.edu,Math
263,Tom,Walker,john957@college.edu,CS
264,Mike,Hall,mike726@college.edu,CS
265,Tom,Lee,jane398@university.edu,Math
266,Mike,Young,jane236@college.edu,Physics
267,Sara,Hall,jane539@university.edu,Biology
268,John,Hall,mike851@university.edu,Math
269,Anna,Lee,jane534@college.edu,Physics
270,John,Young,john306@university.edu,Math
271,Tom,Hall,john538@college.edu,Physics
272,John,Hall,john878@college.edu,Math
273,Sara,Taylor,jane141@university.edu,Physics
274,Anna,Hall,john622@college.edu,Math
275,Tom,Taylor,jane709@university.edu,Physics
276,Anna,Young,john374@college.edu,Math
277,Mike,Young,mike983@college.edu,Biology
278,John,Young,mike468@college.edu,Biology
279,Anna,Walker,mike319@university.edu,CS
280,Jane,Young,mike966@college.edu,Physics
281,John,Hall,jane427@university.edu,Math
282,Mike,Lee,john151@college.edu,Physics
283,Anna,Taylor,mike475@university.edu,Biology
284,Tom,Walker,jane366@university.edu,Physics
285,Mike,Young,mike416@college.edu,Math
286,Jane,Young,mike765@college.edu,Physics
287,Anna,Lee,jane977@college.edu,Math
288,Sara,Lee,jane662@university.edu,Biology
289,John,Walker,john520@college.edu,Biology
290,Tom,Taylor,john920@college.edu,Biology
291,Sara,Young,mike819@university.edu,CS
292,Anna,Walker,mike368@university.edu,Biology
293,Anna,Hall,john480@college.edu,Physics
294,Mike,Hall,john665@university.edu,CS
295,Anna,Walker,jane215@college.edu,Biology
296,Tom,Young,john359@university.edu,Physics
297,Sara,Walker,john579@university.edu,Physics
298,Tom,Young,mike106@college.edu,Physics
299,Jane,Lee,john733@university.edu,Math
300,Jane,Walker,mike447@college.edu,CS
301,John,Young,john314@university.edu,Physics
302,John,Walker,jane890@college.edu,Math
303,Jane,Walker,john639@university.edu,Biology
304,Anna,Young,john466@university.edu,Physics
305,Tom,Young,john637@university.edu,Math
306,Jane,Taylor,mike153@university.edu,Physics
307,John,Walker,jane566@university.edu,CS
308,Jane,Hall,john263@college.edu,CS
309,Anna,Walker,mike433@university.edu,Biology
310,Jane,Walker,jane897@college.edu,Physics
311,Tom,Young,mike372@university.edu,Math
312,Sara,Walker,mike819@college.edu,Biology
313,Anna,Walker,jane513@college.edu,Physics
314,John,Hall,john192@university.edu,Biology
315,Tom,Young,mike178@college.edu,Math
316,Jane,Walker,mike316@university.edu,Biology
317,Jane,Lee,john457@college.edu,Biology
318,Sara,Taylor,john606@university.edu,Biology
319,John,Hall,jane280@college.edu,Physics
320,John,Walker,jane345@college.edu,Math
321,Mike,Lee,jane605@college.edu,CS
322,John,Walker,john419@university.edu,Physics
323,Sara,Walker,mike316@college.edu,CS
324,Mike,Young,mike618@college.edu,CS
325,Mike,Young,jane948@college.edu,Physics
326,Jane,Young,john268@college.edu,Physics
327,Jane,Lee,mike749@university.edu,Math
328,John,Walker,jane490@college.edu,Math
329,Mike,Taylor,mike480@college.edu,Biology
330,Jane,Hall,mike841@university.edu,CS
331,Sara,Young,john919@university.edu,Math
332,Jane,Young,john612@college.edu,Biology
333,Anna,Walker,mike287@college.edu,Math
334,Anna,Walker,jane615@university.edu,Physics
335,Jane,Lee,john743@university.edu,Math
336,Mike,Lee,mike601@college.edu,CS
337,Mike,Young,john359@university.edu,Math
338,Tom,Walker,john170@college.edu,CS
339,Anna,Taylor,john277@university.edu,Physics
340,Sara,Hall,mike288@university.edu,CS
341,Mike,Walker,jane619@university.edu,Math
342,John,Walker,jane391@college.edu,Biology
343,Anna,Lee,jane855@university.edu,Physics
344,Sara,Hall,john910@university.edu,Math
345,Sara,Young,mike643@college.edu,Physics
346,Mike,Walker,john476@college.edu,Physics
347,Sara,Young,jane255@college.edu,Math
348,Mike,Walker,jane512@college.edu,Math
349,Jane,Young,mike454@university.edu,Biology
350,Anna,Hall,john862@university.edu,Physics
351,Tom,Lee,jane130@college.edu,Physics
352,Jane,Hall,mike520@university.edu,Math
353,Anna,Taylor,john650@college.edu,CS
354,Mike,Lee,john138@university.edu,Math
355,Anna,Hall,jane743@college.edu,Physics
356,Mike,Taylor,jane769@college.edu,Math
357,Jane,Walker,john302@college.edu,Biology
358,John,Walker,john207@college.edu,CS
359,John,Young,jane321@college.edu,Math
360,Anna,Lee,john629@college.edu,Biology
361,John,Walker,jane792@university.edu,Physics
362,Mike,Lee,john554@university.edu,Math
363,Sara,Walker,jane356@university.edu,Physics
364,Mike,Young,mike541@college.edu,Biology
365,Sara,Hall,jane698@college.edu,Physics
366,Jane,Young,jane848@college.edu,Biology
367,Tom,Taylor,mike681@college.edu,Biology
368,Sara,Walker,john811@college.edu,Biology
369,John,Taylor,mike697@university.edu,Math
370,Mike,Taylor,jane200@college.edu,Physics
371,Jane,Lee,john706@college.edu,Physics
372,John,Walker,mike456@college.edu,CS
373,Jane,Taylor,john860@college.edu,CS
374,Tom,Hall,john132@college.edu,CS
375,Mike,Taylor,mike328@college.edu,CS
376,Anna,Hall,john729@college.edu,Physics
377,Mike,Lee,mike254@university.edu,Biology
378,Tom,Taylor,jane345@university.edu,Biology
379,Mike,Young,john943@university.edu,Math
380,Anna,Lee,jane640@university.edu,Biology
381,Sara,Hall,jane846@college.edu,Physics
382,Jane,Lee,john216@university.edu,Physics
383,Anna,Taylor,mike869@college.edu,Physics
384,John,Walker,john586@university.edu,Math
385,Tom,Walker,jane271@college.edu,CS
386,Sara,Hall,jane373@university.edu,Biology
387,John,Hall,mike234@university.edu,Physics
388,John,Walker,john821@college.edu,Physics
389,Tom,Hall,jane521@university.edu,CS
390,Sara,Lee,jane285@university.edu,Physics
391,John,Young,jane463@university.edu,Biology
392,John,Young,mike706@college.edu,Math
393,Sara,Lee,jane622@college.edu,Physics
394,Mike,Young,jane990@college.edu,Biology
395,John,Taylor,john295@university.edu,Physics
396,Jane,Lee,john197@university.edu,CS
397,Sara,Hall,jane121@college.edu,Physics
398,John,Lee,jane271@university.edu,Physics
399,Tom,Walker,john233@college.edu,Math
400,Anna,Hall,mike124@university.edu,CS
401,Jane,Walker,mike284@university.edu,CS
402,Anna,Hall,mike666@university.edu,Math
403,Anna,Young,mike243@university.edu,Physics
404,John,Lee,mike778@college.edu,Biology
405,Jane,Taylor,mike323@college.edu,CS
406,Jane,Hall,mike278@university.edu,CS
407,Mike,Hall,mike532@university.edu,Physics
408,Anna,Walker,john528@college.edu,Physics
409,Jane,Young,mike515@university.edu,CS
410,Mike,Walker,mike826@university.edu,Physics
411,Sara,Walker,mike653@university.edu,Biology
412,Mike,Young,jane579@university.edu,CS
413,Tom,Taylor,john429@university.edu,Biology
414,John,Walker,john906@college.edu,Biology
415,Sara,Walker,john882@university.edu,Physics
416,Sara,Hall,mike222@university.edu,Biology
417,Tom,Young,mike486@university.edu,Physics
418,Mike,Lee,jane877@college.edu,Math
419,John,Taylor,john128@university.edu,Physics
420,Mike,Taylor,mike134@college.edu,Biology
421,Jane,Young,john495@university.edu,Math
422,Mike,Hall,jane393@university.edu,Physics
423,Sara,Hall,jane448@university.edu,Biology
424,John,Young,jane166@college.edu,CS
425,Mike,Hall,john619@university.edu,CS
426,John,Taylor,mike221@college.edu,Physics
427,John,Taylor,mike274@college.edu,Physics
428,Jane,Lee,jane790@university.edu,CS
429,Jane,Young,mike550@university.edu,Biology
430,Sara,Walker,jane235@university.edu,Biology
431,Tom,Walker,john115@university.edu,Biology
432,John,Lee,jane294@college.edu,Physics
433,Tom,Lee,john108@college.edu,Math
434,Sara,Hall,jane433@university.edu,Math
435,John,Lee,mike426@university.edu,Math
436,John,Lee,mike938@college.edu,Math
437,Anna,Walker,jane325@university.edu,Math
438,Tom,Hall,mike889@college.edu,Physics
439,Mike,Lee,mike212@university.edu,Physics
440,Jane,Lee,mike527@university.edu,Math
441,Mike,Hall,john365@university.edu,Physics
442,Tom,Young,mike307@college.edu,Physics
443,Jane,Hall,john811@college.edu,Math
444,Mike,Walker,jane468@university.edu,Biology
445,Anna,Young,mike405@college.edu,Physics
446,Jane,Taylor,mike444@university.edu,Biology
447,John,Hall,mike799@college.edu,Physics
448,Mike,Walker,jane593@college.edu,Physics
449,Jane,Young,john945@university.edu,Math
450,Anna,Hall,john519@university.edu,Physics
451,Jane,Lee,mike890@university.edu,CS
452,Jane,Hall,jane233@university.edu,CS
453,Anna,Taylor,jane526@university.edu,Math
454,Mike,Hall,jane629@college.edu,Biology
455,Sara,Young,jane240@university.edu,Biology
456,Mike,Young,jane945@college.edu,Biology
457,Tom,Hall,john757@university.edu,CS
458,Anna,Young,john543@university.edu,Biology
459,Mike,Lee,john540@college.edu,Biology
460,Jane,Hall,mike278@college.edu,Math
461,Anna,Lee,jane254@college.edu,Biology
462,John,Lee,mike210@university.edu,CS
463,Mike,Walker,jane331@college.edu,CS
464,Anna,Hall,john567@college.edu,CS
465,Mike,Young,mike580@college.edu,Math
466,Anna,Lee,john913@university.edu,Math
467,Jane,Walker,jane422@college.edu,Physics
468,John,Hall,jane617@college.edu,Biology
469,John,Hall,jane891@college.edu,Math
470,Tom,Taylor,john586@college.edu,CS
471,Anna,Taylor,jane528@university.edu,CS
472,Mike,Lee,john808@university.edu,Math
473,John,Taylor,mike247@college.edu,Math
474,John,Lee,jane949@university.edu,Math
475,Sara,Young,jane949@college.edu,Physics
476,Sara,Lee,jane912@college.edu,CS
477,John,Taylor,mike274@university.edu,Physics
478,Anna,Young,jane687@university.edu,Physics
479,Tom,Taylor,john213@university.edu,Biology
480,John,Lee,john860@university.edu,CS
481,Jane,Walker,jane814@university.edu,CS
482,Mike,Hall,jane134@university.edu,Math
483,Tom,Taylor,mike408@college.edu,Math
484,Jane,Lee,mike849@college.edu,Biology
485,Tom,Young,mike473@university.edu,Physics
486,Jane,Taylor,jane527@college.edu,Math
487,Mike,Taylor,mike332@university.edu,Math
488,Mike,Hall,mike662@university.edu,CS
489,Sara,Lee,john986@college.edu,CS
490,Anna,Walker,mike762@college.edu,Math
491,Jane,Young,john601@university.edu,CS
492,Sara,Lee,john949@college.edu,Biology
493,Jane,Young,mike538@college.edu,Math
494,Sara,Taylor,john959@college.edu,CS
495,Mike,Hall,jane798@university.edu,Biology
496,Tom,Hall,jane639@university.edu,CS
497,Sara,Walker,mike791@university.edu,CS
498,Jane,Hall,jane225@university.edu,CS
499,Jane,Taylor,john136@college.edu,Math
500,Anna,Walker,jane710@college.edu,Physics
